City_ID,City,Country,Lat,Lng,Max Temp,Humidity,Cloudiness,Wind Speed,Current Description
0,Thompson,CA,55.7435,-97.8558,51.96,82,75,12.66,broken clouds
1,Sampit,ID,-2.5333,112.95,72.7,97,97,1.97,overcast clouds
2,Mnogovershinnyy,RU,53.9353,139.9242,33.82,71,100,3.06,overcast clouds
3,Oussouye,SN,12.485,-16.5469,89.78,81,100,5.57,overcast clouds
4,Constitucion,CL,-35.3333,-72.4167,58.64,75,64,5.91,broken clouds
5,Iquitos,PE,-3.7481,-73.2472,97.11,37,100,1.66,overcast clouds
6,Porto Novo,BJ,6.4965,2.6036,76.19,86,97,7.27,overcast clouds
7,Ancud,CL,-41.8697,-73.8203,53.11,74,100,5.77,overcast clouds
8,New Norfolk,AU,-42.7826,147.0587,39.7,81,49,1.77,scattered clouds
9,Kruisfontein,ZA,-34.0033,24.7314,61.56,87,100,11.32,overcast clouds
10,Rafai,CF,4.95,23.9167,68.95,96,5,1.28,light rain
11,Fomboni,KM,-12.28,43.7425,75.61,75,9,4.09,clear sky
12,Ushuaia,AR,-54.8,-68.3,55.06,35,20,6.91,few clouds
13,Punta Arenas,CL,-53.15,-70.9167,55.51,44,40,23.02,scattered clouds
14,Clyde River,CA,70.4692,-68.5914,28.63,93,75,9.22,fog
15,Uruzgan,AF,32.8333,66.0,64.99,16,0,1.28,clear sky
16,Pacific Grove,US,36.6177,-121.9166,77.38,81,0,10.0,clear sky
17,Mar Del Plata,AR,-38.0023,-57.5575,59.02,67,0,13.8,clear sky
18,Butaritari,KI,3.0707,172.7902,82.11,75,100,17.49,overcast clouds
19,Kaitangata,NZ,-46.2817,169.8464,34.29,88,12,6.8,few clouds
20,Kenai,US,60.5544,-151.2583,50.02,93,89,12.71,light rain
21,Yavaros,MX,26.7,-109.5167,95.45,43,0,4.14,clear sky
22,Mataura,NZ,-46.1927,168.8643,42.48,95,19,1.74,few clouds
23,Dikson,RU,73.5069,80.5464,35.26,85,15,16.82,few clouds
24,Rikitea,PF,-23.1203,-134.9692,72.41,63,0,11.3,clear sky
25,Bredasdorp,ZA,-34.5322,20.0403,56.12,95,100,5.59,overcast clouds
26,Chuy,UY,-33.6971,-53.4616,58.96,61,100,9.37,overcast clouds
27,Hermanus,ZA,-34.4187,19.2345,59.81,82,100,9.91,overcast clouds
28,Port Blair,IN,11.6667,92.75,81.03,83,95,13.4,moderate rain
29,Castro,BR,-24.7911,-50.0119,53.87,92,100,9.31,overcast clouds
30,Talcahuano,CL,-36.7167,-73.1167,56.88,77,100,8.05,overcast clouds
31,Hobyo,SO,5.3505,48.5268,77.0,84,79,20.27,broken clouds
32,Coquimbo,CL,-29.9533,-71.3436,56.93,82,100,10.36,overcast clouds
33,Makakilo City,US,21.3469,-158.0858,82.0,68,11,8.88,few clouds
34,Arraial Do Cabo,BR,-22.9661,-42.0278,71.46,73,75,13.8,broken clouds
35,Pauini,BR,-7.7136,-66.9764,96.76,33,100,3.04,light rain
36,Hobart,AU,-42.8794,147.3294,40.05,94,53,9.22,broken clouds
37,Neenah,US,44.1858,-88.4626,61.21,58,40,0.0,scattered clouds
38,Ninghai,CN,29.2892,121.4247,72.66,95,94,2.19,overcast clouds
39,Divnogorsk,RU,55.9594,92.3619,34.29,93,100,4.63,overcast clouds
40,Vaini,TO,-21.2,-175.2,74.17,67,22,22.03,light rain
41,Port Alfred,ZA,-33.5906,26.891,66.43,84,100,13.67,light rain
42,Nipawin,CA,53.3668,-104.0009,74.39,34,95,5.86,overcast clouds
43,Kahului,US,20.8947,-156.47,79.97,90,31,7.0,scattered clouds
44,Broken Hill,AU,-31.95,141.4333,48.97,63,2,8.66,clear sky
45,Albany,US,42.6001,-73.9662,61.57,60,5,1.01,clear sky
46,Upernavik,GL,72.7868,-56.1549,21.2,86,17,9.31,few clouds
47,Inuvik,CA,68.3499,-133.7218,33.75,92,33,7.94,scattered clouds
48,Dingle,PH,10.9995,122.6711,74.93,94,100,4.88,overcast clouds
49,Saskylakh,RU,71.9167,114.0833,24.37,96,100,8.14,overcast clouds
50,San Jose,US,37.3394,-121.895,81.45,59,0,5.75,clear sky
51,Huntingdon,GB,52.3305,-0.1865,58.26,74,62,5.21,light rain
52,Bastia,FR,42.6667,9.3333,66.29,76,100,8.05,overcast clouds
53,Qaanaaq,GL,77.484,-69.3632,15.17,85,63,5.88,broken clouds
54,Morondava,MG,-20.2833,44.2833,76.35,81,1,12.48,clear sky
55,Pisco,PE,-13.7,-76.2167,66.02,77,4,10.36,haze
56,Cayenne,GF,4.9333,-52.3333,89.64,58,3,13.8,clear sky
57,Ponta Do Sol,PT,32.6667,-17.1,72.23,75,44,5.08,scattered clouds
58,Tamale,GH,9.4008,-0.8393,76.46,84,64,4.34,light rain
59,Kralendijk,BQ,12.15,-68.2667,83.71,73,100,7.47,overcast clouds
60,Tuktoyaktuk,CA,69.4541,-133.0374,30.2,100,100,20.71,overcast clouds
61,Kang,BW,-23.6752,22.7876,71.96,28,4,8.72,clear sky
62,Pyapon,MM,16.2833,95.6833,75.87,97,100,8.55,moderate rain
63,Yellowknife,CA,62.456,-114.3525,43.32,65,20,9.22,few clouds
64,Hami,CN,42.8,93.45,67.93,27,100,2.55,overcast clouds
65,Changji,CN,44.0167,87.3167,54.39,87,0,6.71,clear sky
66,Barrow,US,71.2906,-156.7887,32.02,86,100,16.11,mist
67,Busselton,AU,-33.65,115.3333,56.59,64,0,12.26,clear sky
68,Norman Wells,CA,65.282,-126.8329,44.64,61,40,17.27,scattered clouds
69,Avarua,CK,-21.2078,-159.775,73.45,78,40,12.66,scattered clouds
70,Geraldton,AU,-28.7667,114.6,61.21,63,7,5.75,clear sky
71,Anahuac,MX,27.2333,-100.15,87.67,26,0,12.1,clear sky
72,Jamestown,US,42.097,-79.2353,57.06,39,0,3.0,clear sky
73,Mumford,GH,5.2618,-0.759,76.26,86,18,6.89,few clouds
74,Carnarvon,AU,-24.8667,113.6333,68.38,70,0,19.37,clear sky
75,Shumskiy,RU,54.8318,99.1328,40.35,92,100,3.33,light rain
76,Prainha,BR,-1.8,-53.48,95.29,35,95,3.8,overcast clouds
77,Preeceville,CA,51.95,-102.6677,77.34,27,6,7.56,clear sky
78,Kapaa,US,22.0752,-159.319,82.09,74,65,4.0,broken clouds
79,Rubizhne,UA,49.0123,38.3797,66.72,57,100,4.7,overcast clouds
80,Hasaki,JP,35.7333,140.8333,68.4,65,100,11.12,light rain
81,Puerto Ayora,EC,-0.7393,-90.3518,76.96,90,65,5.99,broken clouds
82,Antalaha,MG,-14.9003,50.2788,66.22,82,0,8.25,clear sky
83,Atar,MR,20.5169,-13.0499,96.3,20,26,12.17,scattered clouds
84,Saint George,US,37.1041,-113.5841,86.79,31,41,1.99,scattered clouds
85,Cap Malheureux,MU,-19.9842,57.6142,69.48,70,1,3.0,clear sky
86,Paamiut,GL,61.994,-49.6678,40.46,81,100,21.23,overcast clouds
87,Portland,US,45.5234,-122.6762,65.61,91,100,1.99,overcast clouds
88,Zeya,RU,53.75,127.2667,25.93,98,32,3.47,scattered clouds
89,Vardo,NO,70.3705,31.1107,44.58,93,0,4.61,clear sky
90,Larap,PH,14.299,122.6504,76.98,92,100,4.68,overcast clouds
91,Atuona,PF,-9.8,-139.0333,76.66,66,39,20.8,scattered clouds
92,Mitsamiouli,KM,-11.3847,43.2844,75.72,72,23,2.19,few clouds
93,Codrington,AU,-38.2667,141.9667,45.32,95,97,7.2,overcast clouds
94,Cape Town,ZA,-33.9258,18.4232,62.1,85,20,12.66,few clouds
95,Belyy Yar,RU,53.6039,91.3903,33.69,69,0,11.18,clear sky
96,Port Augusta,AU,-32.5,137.7667,48.83,74,6,4.99,clear sky
97,Bahia Honda,CU,22.9036,-83.1592,80.98,75,88,12.73,overcast clouds
98,Tiksi,RU,71.6872,128.8694,19.92,93,100,5.32,overcast clouds
99,Hithadhoo,MV,-0.6,73.0833,81.97,74,100,11.27,overcast clouds
100,North Bend,US,43.4065,-124.2243,65.91,95,54,4.72,broken clouds
101,Kharitonovo,RU,61.4009,47.4978,33.8,97,100,9.91,snow
102,Saint-Joseph,RE,-21.3667,55.6167,72.46,81,17,9.73,light rain
103,Rajgarh,IN,28.6333,75.3833,83.82,51,0,6.93,clear sky
104,Cherskiy,RU,68.75,161.3,24.1,63,0,5.08,clear sky
105,Hilo,US,19.7297,-155.09,86.29,87,40,1.99,scattered clouds
106,Rokytne,UA,51.2796,27.214,52.0,96,100,5.01,overcast clouds
107,Haimen,CN,23.1935,116.6142,77.99,89,99,7.49,overcast clouds
108,Saldanha,ZA,-33.0117,17.9442,59.05,86,100,17.63,overcast clouds
109,Torbay,CA,47.6666,-52.7314,61.75,89,100,1.01,overcast clouds
110,Zyryanovsk,KZ,49.7386,84.2719,27.05,71,94,0.56,overcast clouds
111,Egvekinot,RU,66.3167,-179.1667,20.93,79,16,3.98,few clouds
112,Oyama,JP,36.3,139.8,68.94,71,95,6.58,overcast clouds
113,Shetpe,KZ,44.1667,52.1167,69.3,32,61,1.14,broken clouds
114,Ponta Delgada,PT,37.7333,-25.6667,74.5,60,75,4.61,broken clouds
115,Zverinogolovskoye,RU,54.4586,64.8542,28.36,64,7,6.71,clear sky
116,Antigonish,CA,45.6169,-61.9986,65.14,79,97,11.95,overcast clouds
117,Kodiak,US,57.79,-152.4072,51.31,76,100,11.5,overcast clouds
118,Bataipora,BR,-22.2953,-53.2711,71.69,74,100,5.28,overcast clouds
119,Rawson,AR,-43.3002,-65.1023,75.69,28,0,26.51,clear sky
120,Yunhe,CN,34.0833,119.7167,61.68,94,14,6.02,few clouds
121,Katsuura,JP,35.1333,140.3,68.02,85,100,14.76,overcast clouds
122,Isangel,VU,-19.55,169.2667,74.23,75,100,10.22,overcast clouds
123,Chokurdakh,RU,70.6333,147.9167,21.78,91,85,3.96,overcast clouds
124,North Myrtle Beach,US,33.816,-78.68,66.38,79,100,8.01,overcast clouds
125,Ugoofaaru,MV,5.6667,73.0,80.91,75,96,10.51,overcast clouds
126,Aragats,AM,40.4889,44.3528,63.97,40,0,5.37,clear sky
127,Sun City West,US,33.662,-112.3413,97.93,21,40,6.91,scattered clouds
128,Faya,SA,18.3851,42.4509,67.3,27,6,5.23,clear sky
129,Slyudyanka,RU,51.6594,103.7061,43.18,93,74,2.62,broken clouds
130,East London,ZA,-33.0153,27.9116,65.39,92,100,16.51,moderate rain
131,Camacha,PT,33.0833,-16.3333,69.22,60,40,13.8,scattered clouds
132,Port Elizabeth,ZA,-33.918,25.5701,62.31,95,0,3.44,clear sky
133,Rantepao,ID,-2.9701,119.8978,65.41,96,15,2.46,few clouds
134,Provideniya,RU,64.3833,-173.3,34.75,75,4,7.7,clear sky
135,Yulara,AU,-25.2406,130.9889,64.29,25,100,13.65,overcast clouds
136,Chapais,CA,49.7834,-74.8492,47.16,53,100,8.52,overcast clouds
137,Gobabis,NA,-22.45,18.9667,74.57,21,6,12.95,clear sky
138,Bluff,NZ,-46.6,168.3333,42.8,58,66,7.61,broken clouds
139,Khanpur,PK,28.6453,70.6567,86.41,27,0,9.37,clear sky
140,Shieli,KZ,44.1667,66.75,55.13,26,100,16.71,overcast clouds
141,Jingdezhen,CN,29.2947,117.2079,73.06,83,29,3.33,scattered clouds
142,Merauke,ID,-8.4667,140.3333,77.88,88,94,8.59,overcast clouds
143,Boa Vista,BR,2.8197,-60.6733,93.18,40,40,5.75,scattered clouds
144,Nikolskoye,RU,59.7035,30.7861,46.8,96,100,4.83,overcast clouds
145,Lazaro Cardenas,MX,17.9583,-102.2,85.46,66,13,3.49,few clouds
146,Lask,PL,51.5906,19.1328,42.89,52,100,3.89,overcast clouds
147,Broome,US,42.2506,-75.833,59.7,62,75,12.66,broken clouds
148,Tasiilaq,GL,65.6145,-37.6368,33.67,89,100,6.08,overcast clouds
149,Lensk,RU,60.7253,114.9278,25.09,84,19,1.79,few clouds
150,Lasa,IT,46.6166,10.7002,47.7,95,100,3.42,overcast clouds
151,Clearlake,US,38.9582,-122.6264,80.35,40,0,2.66,clear sky
152,Bilma,NE,18.6853,12.9164,95.32,17,100,8.93,overcast clouds
153,Yarada,IN,17.65,83.2667,82.17,78,100,4.59,overcast clouds
154,Vao,NC,-22.6667,167.4833,74.23,78,100,16.84,light rain
155,Saint-Pierre,RE,-21.3393,55.4781,73.56,73,75,12.66,broken clouds
156,Tashtagol,RU,52.7657,87.8894,25.65,97,100,4.68,light snow
157,Byron Bay,AU,-28.65,153.6167,56.95,84,39,12.26,scattered clouds
158,Saint Anthony,US,45.0205,-93.218,69.66,38,0,14.97,clear sky
159,Mersing,MY,2.4312,103.8405,77.47,90,99,3.27,overcast clouds
160,Sinop,TR,41.7711,34.8709,63.32,66,0,5.44,clear sky
161,Shimoda,JP,34.6667,138.95,66.11,88,100,14.79,overcast clouds
162,Bengkulu,ID,-3.8004,102.2655,74.68,91,96,5.19,overcast clouds
163,Zyryanka,RU,65.75,150.85,26.98,67,100,15.08,overcast clouds
164,Cuauhtemoc,MX,28.4167,-106.8667,66.72,42,32,14.81,scattered clouds
165,Fortuna,US,40.5982,-124.1573,69.93,74,0,7.0,clear sky
166,Vidyayevo,RU,69.3191,32.8049,36.68,60,0,6.62,clear sky
167,Ribeira Grande,PT,38.5167,-28.7,70.2,60,75,9.22,broken clouds
168,Kuala Terengganu,MY,5.3302,103.1408,76.46,90,100,2.68,moderate rain
169,Mandalgovi,MN,45.7625,106.2708,42.48,70,100,11.56,overcast clouds
170,San Cristobal,VE,7.7669,-72.225,84.38,46,75,3.85,broken clouds
171,Ahipara,NZ,-35.1667,173.1667,61.16,97,100,7.43,overcast clouds
172,Kita,ML,13.0349,-9.4895,80.91,69,100,4.45,overcast clouds
173,Souillac,MU,-20.5167,57.5167,70.18,78,40,10.36,scattered clouds
174,Palmer,US,42.1584,-72.3287,67.24,54,40,10.36,scattered clouds
175,Bagado,CO,5.4116,-76.4152,81.7,85,100,3.36,overcast clouds
176,Salalah,OM,17.0151,54.0924,79.75,81,96,5.99,overcast clouds
177,Dicabisagan,PH,17.0818,122.4157,78.28,87,96,1.77,overcast clouds
178,Nuuk,GL,64.1835,-51.7216,38.01,93,100,8.05,overcast clouds
179,Tucupita,VE,9.0622,-62.051,86.23,71,100,3.4,overcast clouds
180,Stokmarknes,NO,68.5646,14.9108,49.96,76,0,4.61,clear sky
181,Mahebourg,MU,-20.4081,57.7,70.09,78,40,10.36,scattered clouds
182,Kindu,CD,-2.95,25.95,72.36,84,100,1.95,light rain
183,Henties Bay,NA,-22.116,14.2845,56.32,93,24,4.63,few clouds
184,Adrar,MR,20.5022,-10.0711,96.13,17,6,15.03,clear sky
185,Porto Santo,PT,33.072,-16.3415,71.98,60,40,13.8,scattered clouds
186,Chibombo,ZM,-14.6569,28.0706,73.18,31,1,10.71,clear sky
187,Itarema,BR,-2.9248,-39.9167,82.49,66,22,18.25,few clouds
188,La Ronge,CA,55.1001,-105.2842,60.73,70,100,9.08,overcast clouds
189,Nanortalik,GL,60.1432,-45.2371,40.98,96,83,13.24,broken clouds
190,Vanavara,RU,60.34,102.2797,24.39,85,25,4.63,scattered clouds
191,Port Lincoln,AU,-34.7333,135.8667,52.12,86,100,10.92,overcast clouds
192,Beyneu,KZ,45.3167,55.2,62.76,46,99,19.86,overcast clouds
193,Bandarbeyla,SO,9.4942,50.8122,77.76,85,28,24.54,scattered clouds
194,Oum Hadjer,TD,13.2954,19.6966,82.85,52,13,5.75,few clouds
195,Lagoa,PT,39.05,-27.9833,67.41,63,6,6.04,clear sky
196,Farafangana,MG,-22.8167,47.8333,66.97,74,0,5.99,clear sky
197,Hambantota,LK,6.1241,81.1185,79.14,94,20,6.91,few clouds
198,Manaure,CO,11.7751,-72.4445,84.72,69,92,10.04,overcast clouds
199,Iqaluit,CA,63.7506,-68.5145,31.73,86,100,15.01,light snow
200,Bethel,US,41.3712,-73.414,66.88,62,8,4.0,clear sky
201,Wadi Maliz,TN,36.4681,8.5495,71.96,46,5,3.53,clear sky
202,Parung,ID,-6.4214,106.7331,80.56,84,100,3.62,overcast clouds
203,Koppal,IN,15.35,76.15,71.31,96,100,10.69,moderate rain
204,Acapulco,MX,16.8634,-99.8901,85.82,70,40,6.91,scattered clouds
205,Port Hardy,CA,50.6996,-127.4199,55.58,100,100,5.75,fog
206,Georgetown,MY,5.4112,100.3354,80.89,87,20,0.0,thunderstorm
207,Alofi,NU,-19.0595,-169.9187,71.49,78,3,9.22,clear sky
208,Cabo San Lucas,MX,22.8909,-109.9124,89.91,62,20,12.66,few clouds
209,Quinabigan,PH,12.9936,121.4781,76.57,88,100,3.49,very heavy rain
210,Lebu,CL,-37.6167,-73.65,54.59,78,100,14.18,overcast clouds
211,Yerbogachen,RU,61.2767,108.0108,23.72,79,11,2.93,few clouds
212,Sicuani,PE,-14.2694,-71.2261,66.4,16,76,12.01,broken clouds
213,Whitehorse,CA,60.7161,-135.0538,50.81,76,100,24.0,overcast clouds
214,Bukachacha,RU,52.9833,116.9167,25.66,96,100,1.68,overcast clouds
215,Mandera,KE,3.9366,41.867,84.92,42,100,18.12,overcast clouds
216,Richards Bay,ZA,-28.783,32.0377,70.95,88,0,10.47,clear sky
217,Kapit,MY,2.0167,112.9333,74.95,100,100,2.01,overcast clouds
218,Havelock,US,34.8791,-76.9013,69.94,71,100,23.02,overcast clouds
219,Namatanai,PG,-3.6667,152.4333,77.61,75,92,9.78,overcast clouds
220,Nome,US,64.5011,-165.4064,41.16,94,100,8.79,light rain
221,Karakol,KG,42.4907,78.3936,51.13,42,100,3.44,overcast clouds
222,Lethem,GY,3.3803,-59.7968,84.45,67,100,5.08,overcast clouds
223,Vargashi,RU,55.3556,65.8467,26.47,77,2,3.53,clear sky
224,Saint-Philippe,RE,-21.3585,55.7679,69.39,82,36,8.99,light rain
225,Hurghada,EG,27.2574,33.8129,86.27,43,0,7.14,clear sky
226,Aklavik,CA,68.2191,-135.0107,32.47,93,41,9.19,scattered clouds
227,Bodden Town,KY,19.2833,-81.25,88.0,70,40,9.22,scattered clouds
228,Urusha,RU,54.05,122.9,15.66,99,72,2.91,broken clouds
229,Riom,FR,45.9167,2.9167,45.25,80,100,3.06,overcast clouds
230,Manali,IN,13.1667,80.2667,84.29,63,100,6.73,overcast clouds
231,Kudahuvadhoo,MV,2.6708,72.8944,78.78,82,100,21.41,overcast clouds
232,Kurchum,KZ,48.5722,83.6542,31.32,54,1,10.42,clear sky
233,Severo-Kurilsk,RU,50.6789,156.125,46.8,76,52,30.78,broken clouds
234,Atambua,ID,-9.1061,124.8925,74.84,86,89,1.77,overcast clouds
235,Banda Aceh,ID,5.5577,95.3222,77.11,89,100,15.35,moderate rain
236,Partapur,IN,23.6,74.1667,78.48,77,3,1.12,clear sky
237,Ilulissat,GL,69.2167,-51.1,37.42,87,75,2.3,broken clouds
238,Piacabucu,BR,-10.4056,-36.4344,78.8,65,12,9.6,few clouds
239,The Valley,AI,18.217,-63.0578,82.54,78,40,11.5,scattered clouds
240,Prince Rupert,CA,54.3161,-130.3201,61.57,79,77,2.08,broken clouds
241,Bethanien,NA,-26.502,17.1583,78.22,16,98,7.18,overcast clouds
242,San Quintin,MX,30.4833,-115.95,76.6,68,5,8.66,clear sky
243,Viedma,AR,-40.8135,-62.9967,74.98,23,0,19.19,clear sky
244,Maumere,ID,-8.6199,122.2111,79.54,83,100,4.97,overcast clouds
245,Rameswaram,IN,9.2833,79.3,81.66,84,100,25.39,overcast clouds
246,Chikwawa,MW,-16.0335,34.8009,79.29,35,2,4.0,clear sky
247,Kutum,SD,14.2,24.6667,79.29,42,58,13.02,broken clouds
248,Dakar,SN,14.6937,-17.4441,83.28,80,93,10.65,overcast clouds
249,Porto Murtinho,BR,-21.6989,-57.8825,62.47,96,100,5.84,overcast clouds
250,Wageningen,NL,51.9667,5.6667,51.94,92,98,2.3,overcast clouds
251,Maragogi,BR,-9.0122,-35.2225,78.4,69,89,8.99,overcast clouds
252,Nieuw Nickerie,SR,5.95,-56.9833,84.16,71,100,11.86,overcast clouds
253,Sovetsk,RU,55.0839,21.8785,45.88,92,14,7.45,few clouds
254,Nelson Bay,AU,-32.7167,152.15,62.11,91,98,18.99,light rain
255,Sanica,BA,44.6142,16.6411,59.07,84,76,6.04,broken clouds
256,Khatanga,RU,71.9667,102.5,27.88,94,100,4.05,overcast clouds
257,Talen,IN,23.5667,76.7167,75.61,80,88,2.8,overcast clouds
258,Tabas,IR,33.5959,56.9244,82.67,11,0,3.98,clear sky
259,Ajaccio,FR,42.0,8.9167,57.25,88,40,5.75,scattered clouds
260,Port-Cartier,CA,50.0334,-66.8654,57.74,44,45,6.46,scattered clouds
261,Ariquemes,BR,-9.9133,-63.0408,77.32,83,100,4.83,heavy intensity rain
262,Rio Gallegos,AR,-51.6226,-69.2181,57.25,47,75,13.8,broken clouds
263,Nioro,GM,13.35,-15.75,80.78,84,99,7.23,overcast clouds
264,Edinburg,GB,55.9521,-3.1965,54.48,91,100,3.42,overcast clouds
265,Tautira,PF,-17.7333,-149.15,76.93,75,0,15.93,clear sky
266,Colac,AU,-38.3333,143.5833,51.17,79,86,10.38,overcast clouds
267,Burnie,AU,-41.0667,145.9167,45.95,60,99,12.37,overcast clouds
268,Bambous Virieux,MU,-20.3428,57.7575,69.22,71,17,13.33,few clouds
269,Caravelas,BR,-17.7125,-39.2481,79.3,66,36,7.63,scattered clouds
270,Kiunga,PG,-6.1219,141.2906,72.0,100,91,1.28,overcast clouds
271,Atasu,KZ,48.6814,71.6433,29.86,39,9,8.84,clear sky
272,Varzea Grande,BR,-15.6467,-56.1325,78.67,69,75,11.5,broken clouds
273,Luganville,VU,-15.5333,167.1667,76.91,73,27,5.99,scattered clouds
274,Estevan,CA,49.1334,-102.9842,80.94,24,0,7.94,clear sky
275,Ibotirama,BR,-12.1853,-43.2206,97.9,14,7,7.34,clear sky
276,Kerrville,US,30.0474,-99.1403,90.55,26,0,3.44,clear sky
277,Yaan,NG,7.3833,8.5667,74.53,90,29,3.56,scattered clouds
278,Bowen,AU,-20.0167,148.2333,65.93,85,4,5.21,clear sky
279,Esperance,AU,-33.8667,121.9,51.04,86,0,11.63,clear sky
280,Barguzin,RU,53.6167,109.6167,33.96,88,54,4.94,broken clouds
281,Mareeba,AU,-17.0,145.4333,65.44,88,9,1.95,clear sky
282,Salinopolis,BR,-0.6136,-47.3561,83.46,70,42,14.58,scattered clouds
283,Lata,PT,40.1629,-8.3327,60.93,85,36,7.7,scattered clouds
284,Coos Bay,US,43.3665,-124.2179,65.98,93,100,9.22,mist
285,Santa Cecilia,BR,-26.9608,-50.4269,50.13,89,100,5.01,overcast clouds
286,Alenquer,BR,-1.9417,-54.7383,96.1,34,98,8.48,overcast clouds
287,Cidreira,BR,-30.1811,-50.2056,62.65,58,100,12.1,overcast clouds
288,Flinders,AU,-34.5833,150.8552,58.17,86,66,5.01,broken clouds
289,Along,IN,28.1667,94.7667,70.75,93,53,1.88,broken clouds
290,Coihaique,CL,-45.5752,-72.0662,59.61,58,75,8.05,broken clouds
291,Ondjiva,AO,-17.0667,15.7333,80.89,16,55,5.46,broken clouds
292,Surt,LY,31.2089,16.5887,78.69,77,99,12.46,overcast clouds
293,Olinda,BR,-8.0089,-34.8553,80.33,69,20,10.36,few clouds
294,Eina,NO,60.6295,10.5993,40.51,90,31,1.28,scattered clouds
295,Loa Janan,ID,-0.583,117.095,73.58,98,100,2.28,overcast clouds
296,Morlenbach,DE,49.5992,8.7347,54.43,84,97,1.01,overcast clouds
297,Vila Franca Do Campo,PT,37.7167,-25.4333,74.19,66,85,5.01,overcast clouds
298,Sao Felix Do Xingu,BR,-6.6447,-51.995,101.25,19,81,3.58,broken clouds
299,Las Vegas,US,36.175,-115.1372,93.61,32,0,6.91,clear sky
300,Methoni,GR,36.8197,21.7049,73.22,73,0,4.63,clear sky
301,Gazojak,TM,41.1875,61.4036,64.85,23,95,16.13,overcast clouds
302,Chimoio,MZ,-19.1164,33.4833,67.86,73,0,6.46,clear sky
303,Ankang,CN,32.68,109.0172,69.19,70,100,1.1,overcast clouds
304,Pilar,BR,-9.5972,-35.9567,80.53,62,89,9.71,overcast clouds
305,Lompoc,US,34.6391,-120.4579,88.02,71,16,5.01,few clouds
306,Coahuayana,MX,18.7333,-103.6833,87.69,64,63,4.29,broken clouds
307,Husavik,IS,66.0449,-17.3389,46.24,81,100,8.23,overcast clouds
308,Gigant,RU,46.5066,41.3419,66.38,61,23,3.22,few clouds
309,Narsaq,GL,60.9167,-46.05,44.82,82,96,1.1,overcast clouds
310,Naze,JP,28.3667,129.4833,74.43,80,8,8.57,clear sky
311,Shelburne,CA,44.0787,-80.2041,61.75,58,1,5.64,clear sky
312,Zhuhai,CN,22.2769,113.5678,80.85,89,40,14.97,light intensity shower rain
313,Marawi,PH,7.9986,124.2928,68.68,93,100,1.1,overcast clouds
314,Mount Pleasant,US,32.7941,-79.8626,66.34,72,100,21.85,overcast clouds
315,Luanda,AO,-8.8368,13.2343,72.84,86,79,2.95,light rain
316,Ndele,CF,8.4109,20.6473,71.08,94,100,1.95,overcast clouds
317,Maarianhamina,AX,60.0973,19.9348,42.66,93,40,3.44,scattered clouds
318,Kalyan,IN,19.25,73.15,82.35,91,42,1.01,scattered clouds
319,Alta Floresta,BR,-9.8756,-56.0861,92.93,30,99,4.29,overcast clouds
320,San Juan,AR,-31.5375,-68.5364,69.73,31,100,8.32,overcast clouds
321,Bac Lieu,VN,9.285,105.7244,78.6,86,97,8.61,moderate rain
322,Awbari,LY,26.5921,12.7805,91.6,13,55,6.22,broken clouds
323,Muncar,ID,-8.4333,114.3333,75.96,87,100,2.82,overcast clouds
324,Saint-Paul,RE,-21.0096,55.2707,73.99,99,2,2.35,clear sky
325,Bontang,ID,0.1333,117.5,77.16,86,100,7.18,overcast clouds
326,Talnakh,RU,69.4865,88.3972,31.21,98,99,4.32,overcast clouds
327,Clearwater,US,27.9659,-82.8001,75.94,66,40,32.99,scattered clouds
328,Foz,ES,43.5692,-7.2544,56.21,88,41,4.61,scattered clouds
329,Leningradskiy,RU,69.3833,178.4167,18.21,79,41,7.25,scattered clouds
330,Maamba,ZM,-17.3667,27.15,73.0,34,0,3.67,clear sky
331,Margate,GB,51.3813,1.3862,54.7,73,18,4.88,few clouds
332,Amursk,RU,50.2261,136.8994,47.12,87,100,6.15,overcast clouds
333,Tongchuan,CN,35.0806,109.0897,66.24,43,100,2.01,overcast clouds
334,Namibe,AO,-15.1961,12.1522,67.55,86,100,2.37,overcast clouds
335,Khasan,RU,42.4308,130.6434,58.64,88,0,4.38,clear sky
336,Galanta,SK,48.19,17.7275,57.97,85,100,6.08,overcast clouds
337,Lebyazhye,RU,55.2689,66.4947,26.53,78,0,2.39,clear sky
338,Ushtobe,KZ,45.2514,77.9838,41.09,47,100,13.44,overcast clouds
339,Klaksvik,FO,62.2266,-6.589,47.32,80,100,19.71,overcast clouds
340,Longyearbyen,SJ,78.2186,15.6401,40.84,93,75,3.44,broken clouds
341,Prokuplje,RS,43.2342,21.5881,58.28,83,0,4.25,clear sky
342,Tezu,IN,27.9167,96.1667,75.34,74,18,3.42,few clouds
343,Muleba,TZ,-1.8397,31.6544,70.77,65,44,5.37,scattered clouds
344,Ust-Charyshskaya Pristan,RU,52.3934,83.6635,28.83,82,99,10.22,overcast clouds
345,Winnetka,US,42.1081,-87.7359,65.75,60,0,4.61,clear sky
346,Faanui,PF,-16.4833,-151.75,78.28,74,19,17.94,few clouds
347,Muzhi,RU,65.3667,64.6667,31.5,64,100,4.47,overcast clouds
348,Portage,US,41.1667,-81.1998,57.61,39,100,4.61,overcast clouds
349,Carutapera,BR,-1.195,-46.02,84.45,62,38,10.18,scattered clouds
350,Pedernales,DO,18.0384,-71.744,83.44,69,5,5.91,clear sky
351,Marsaxlokk,MT,35.8419,14.5431,77.07,69,20,5.75,few clouds
352,Langxiang,CN,46.95,128.8833,50.04,95,50,3.13,scattered clouds
353,Thunder Bay,CA,48.4001,-89.3168,57.72,54,100,10.94,overcast clouds
354,Narrabri,AU,-30.3167,149.7833,51.53,91,0,1.01,clear sky
355,Bonavista,CA,48.6499,-53.1147,55.94,88,100,6.98,light rain
356,Portel,BR,-1.9356,-50.8211,91.83,44,67,4.34,broken clouds
357,Anito,PH,12.4497,125.2886,78.24,88,100,7.47,overcast clouds
358,Nador,MA,35.174,-2.9287,71.85,60,20,14.97,few clouds
359,Sao Joao Da Barra,BR,-21.6403,-41.0511,69.89,90,100,14.23,overcast clouds
360,Pahrump,US,36.2083,-115.9839,93.83,17,8,8.01,clear sky
361,Owando,CG,-0.4819,15.8999,74.23,83,71,1.54,broken clouds
362,Hofn,IS,64.2539,-15.2082,47.55,97,100,13.22,overcast clouds
363,Amuntai,ID,-2.4177,115.2494,74.08,97,100,1.7,overcast clouds
364,Mount Gambier,AU,-37.8333,140.7667,44.51,100,100,3.44,fog
365,Abnub,EG,27.2696,31.1511,92.93,21,0,18.25,clear sky
366,Kamloops,CA,50.6665,-120.3192,67.75,61,100,5.01,overcast clouds
367,Santa Isabel Do Rio Negro,BR,-0.4139,-65.0192,98.15,32,97,4.79,overcast clouds
368,Ostrovnoy,RU,68.0531,39.5131,35.73,70,98,10.54,overcast clouds
369,Moa,CU,20.6569,-74.9403,82.38,80,100,4.07,overcast clouds
370,Meulaboh,ID,4.1363,96.1285,74.77,94,100,5.1,moderate rain
371,Primorsko-Akhtarsk,RU,46.0497,38.1747,63.97,79,0,2.68,clear sky
372,Pangody,RU,65.85,74.4859,30.85,75,98,5.28,overcast clouds
373,Zhezkazgan,KZ,47.8043,67.7144,37.18,27,63,14.83,broken clouds
374,Laguna,US,38.421,-121.4238,85.42,48,0,9.22,clear sky
375,Jumla,NP,29.2747,82.1838,52.29,86,5,4.07,clear sky
376,Venado Tuerto,AR,-33.7456,-61.9688,68.77,17,98,8.93,overcast clouds
377,Havoysund,NO,70.9963,24.6622,46.63,76,82,12.71,broken clouds
378,Comodoro Rivadavia,AR,-45.8667,-67.5,73.26,13,0,19.57,clear sky
379,Mawlaik,MM,23.6333,94.4167,77.72,86,66,1.01,broken clouds
380,Gari,RU,59.4307,62.3497,23.14,87,12,4.83,few clouds
381,Beckley,US,37.7782,-81.1882,62.67,64,75,9.22,broken clouds
382,La Guacamaya,HN,15.25,-87.8,64.51,90,100,3.71,overcast clouds
383,Shihezi,CN,44.3,86.0333,54.52,62,96,9.37,overcast clouds
384,Grindavik,IS,63.8424,-22.4338,50.47,100,100,12.66,overcast clouds
385,Banyo,CM,6.75,11.8167,64.4,97,80,2.33,light rain
386,El Dorado,US,38.7666,-120.5177,81.37,35,0,1.01,clear sky
387,Pevek,RU,69.7008,170.3133,26.26,67,1,4.56,clear sky
388,Pimentel,PE,-6.8367,-79.9342,68.29,64,0,20.71,clear sky
389,At-Bashi,KG,41.1702,75.8106,48.94,29,66,1.59,broken clouds
390,Guerrero Negro,MX,27.9769,-114.0611,80.6,62,0,9.64,clear sky
391,Anadyr,RU,64.75,177.4833,28.9,79,0,4.47,clear sky
392,Komsomolskiy,UZ,40.4272,71.7189,66.92,45,100,2.3,overcast clouds
393,Port Macquarie,AU,-31.4333,152.9167,60.89,86,100,20.78,overcast clouds
394,Ibra,OM,22.6906,58.5334,79.03,67,1,8.81,clear sky
395,Katherine,AU,-14.4667,132.2667,79.12,57,16,8.05,few clouds
396,Progreso,MX,21.2833,-89.6667,87.12,58,24,14.05,few clouds
397,Dudinka,RU,69.4058,86.1778,31.62,98,99,8.01,overcast clouds
398,Nyurba,RU,63.2842,118.3319,24.62,96,92,3.83,overcast clouds
399,Roanoke,US,37.271,-79.9414,71.04,53,20,13.8,few clouds
400,Sur,OM,22.5667,59.5289,80.47,75,0,15.55,clear sky
401,Lima,PE,-12.0432,-77.0282,62.85,63,0,8.05,clear sky
402,Samarai,PG,-10.6167,150.6667,80.78,79,2,8.59,clear sky
403,Naples,IT,40.8333,14.25,72.21,85,40,6.91,scattered clouds
404,Harper,LR,4.375,-7.7169,76.51,85,17,6.6,few clouds
405,Pawayan,IN,28.0667,80.1,75.07,77,3,2.77,clear sky
406,Llandrindod Wells,GB,52.2416,-3.3787,53.38,84,100,2.91,overcast clouds
407,Airai,TL,-8.9266,125.4092,61.41,92,73,1.63,broken clouds
408,Pitimbu,BR,-7.4706,-34.8086,82.99,73,66,13.18,broken clouds
409,Tilichiki,RU,60.4667,166.1,42.75,95,100,9.48,moderate rain
410,Japura,ID,-0.3167,102.35,73.85,97,100,1.77,overcast clouds
411,Cervo,ES,43.6702,-7.4101,58.96,76,26,8.61,scattered clouds
412,Luderitz,NA,-26.6481,15.1594,58.01,84,0,16.78,clear sky
413,Cockburn Town,TC,21.4612,-71.1419,81.21,74,13,10.87,few clouds
414,Sitka,US,57.0531,-135.33,58.89,82,100,10.36,overcast clouds
415,Bahia Blanca,AR,-38.7196,-62.2724,71.76,27,73,10.31,broken clouds
416,Tombouctou,ML,20.0,-3.0,99.61,14,41,8.14,scattered clouds
417,Westport,US,41.1415,-73.3579,67.95,55,20,9.22,few clouds
418,Tigil,RU,57.8,158.6667,39.02,94,100,9.55,light rain
419,Simbahan,PH,6.3032,120.5836,82.58,76,100,7.81,overcast clouds
420,Paragominas,BR,-2.9667,-47.4833,94.84,33,93,5.53,overcast clouds
421,Matveyev Kurgan,RU,47.5645,38.8695,65.52,72,62,3.6,broken clouds
422,Beringovskiy,RU,63.05,179.3167,33.13,63,15,5.19,few clouds
423,Gaoua,BF,10.2992,-3.2508,76.57,80,72,4.63,broken clouds
424,Nishihara,JP,26.1842,127.7558,78.08,89,0,1.14,clear sky
425,Kannur,IN,11.8675,75.3576,76.91,89,81,5.48,broken clouds
426,Tuatapere,NZ,-46.1333,167.6833,37.65,83,88,0.63,overcast clouds
427,Puerto Del Rosario,ES,28.5004,-13.8627,74.95,60,40,18.41,scattered clouds
428,Motygino,RU,58.1831,94.7592,33.55,99,100,3.87,light snow
429,Natal,BR,-5.795,-35.2094,83.05,65,75,14.97,broken clouds
430,Deputatskiy,RU,69.3,139.9,13.05,97,100,0.43,overcast clouds
431,Gushikawa,JP,26.3544,127.8686,78.03,88,0,4.41,clear sky
432,Wuning,CN,29.2589,120.2311,70.48,97,100,1.66,overcast clouds
433,Sinazongwe,ZM,-17.2614,27.4618,76.87,42,0,4.03,clear sky
434,Aviles,ES,43.5547,-5.9248,61.99,72,75,5.75,broken clouds
435,Skelleftea,SE,64.7507,20.9528,45.0,97,75,8.05,broken clouds
436,Sorong,ID,-0.8833,131.25,78.08,83,69,3.65,broken clouds
437,Bocaiuva,BR,-17.1078,-43.815,90.54,28,74,7.52,broken clouds
438,Petrov Val,RU,50.1434,45.2096,59.7,75,11,6.8,few clouds
439,Wollongong,AU,-34.4333,150.8833,58.06,83,55,19.15,light rain
440,Ust-Maya,RU,60.4167,134.5333,25.86,74,100,3.91,overcast clouds
441,Bubaque,GW,11.2833,-15.8333,80.6,75,100,9.08,overcast clouds
442,Necochea,AR,-38.5473,-58.7368,64.0,37,100,12.17,overcast clouds
443,Sandwick,GB,60.0,-1.25,51.62,93,75,6.91,broken clouds
444,Kindersley,CA,51.4668,-109.1682,73.42,31,100,21.85,overcast clouds
445,Ossora,RU,59.2353,163.0719,44.78,91,100,21.56,moderate rain
446,Marsabit,KE,2.3284,37.9899,72.45,38,77,18.41,broken clouds
447,San Pedro De Macoris,DO,18.4616,-69.2972,89.73,71,76,6.35,broken clouds
448,Lavrentiya,RU,65.5833,-171.0,35.96,73,97,13.53,overcast clouds
449,Elat,IL,29.5581,34.9482,89.44,29,0,16.11,clear sky
450,Kamaishi,JP,39.2667,141.8833,63.54,72,35,4.12,scattered clouds
451,Altamira,BR,-3.2033,-52.2064,95.13,34,100,1.66,overcast clouds
452,Presidente Medici,BR,-11.1753,-61.9014,87.48,53,100,8.9,overcast clouds
453,Tocopilla,CL,-22.092,-70.1979,62.92,68,19,9.17,few clouds
454,Nemuro,JP,43.3236,145.575,57.88,75,20,7.34,few clouds
455,Jatiroto,ID,-7.8833,111.1167,74.57,86,100,3.22,overcast clouds
456,Port-Gentil,GA,-0.7193,8.7815,76.96,83,20,4.61,few clouds
457,Catalina,US,32.5056,-110.9211,82.26,47,100,1.01,overcast clouds
458,Inirida,CO,3.8653,-67.9239,94.26,44,100,2.06,overcast clouds
459,Soyo,AO,-6.1349,12.3689,75.38,85,7,7.58,clear sky
460,Avera,US,33.194,-82.5271,68.05,49,100,20.69,overcast clouds
461,Podosinovets,RU,60.2776,47.0659,34.74,96,100,8.95,light snow
462,Udarnyy,RU,54.3409,42.8611,49.91,91,100,1.39,overcast clouds
463,Ambilobe,MG,-13.2,49.05,67.73,70,0,3.76,clear sky
464,Dwarka,IN,22.2394,68.9678,80.44,70,85,7.58,overcast clouds
465,Gurupa,BR,-1.405,-51.64,91.36,45,86,3.91,overcast clouds
466,Male,MV,4.1748,73.5089,80.42,79,82,16.33,heavy intensity rain
467,Vostok,RU,46.4856,135.8833,48.34,89,9,6.08,clear sky
468,Baoying,CN,33.2292,119.3092,63.32,95,23,5.79,few clouds
469,Vestmannaeyjar,IS,63.4427,-20.2734,50.32,93,100,13.8,light rain
470,Fleetwood,GB,53.9253,-3.0109,56.03,76,20,5.75,few clouds
471,Victoria,HK,22.2855,114.1577,83.25,88,97,15.99,overcast clouds
472,Serenje,ZM,-13.2325,30.2352,65.95,41,0,4.88,clear sky
473,Mahibadhoo,MV,3.7833,72.9667,79.9,81,96,19.19,heavy intensity rain
474,Svetlaya,RU,46.5389,138.3297,52.2,81,24,7.34,few clouds
475,Muli,MV,2.9167,73.5667,80.28,79,100,19.77,overcast clouds
476,Bairiki,KI,1.3292,172.9752,82.4,78,40,9.22,scattered clouds
477,Gamba,GA,-2.65,10.0,75.61,83,1,5.41,clear sky
478,Evensk,RU,61.95,159.2333,35.1,97,100,19.39,snow
479,Talakan,RU,50.3167,130.3667,40.93,96,87,3.78,overcast clouds
480,San Pedro,PH,14.35,121.0167,79.27,92,75,3.44,broken clouds
481,Khatassy,RU,61.9036,129.6383,28.38,92,32,4.16,scattered clouds
482,Andenes,NO,69.3143,16.1194,47.93,87,0,5.75,clear sky
483,Hartselle,US,34.4434,-86.9353,75.78,53,0,14.09,clear sky
484,Gataivai,WS,-13.7736,-172.388,78.73,78,22,6.31,light rain
485,Winnemucca,US,40.973,-117.7357,73.45,25,0,10.36,clear sky
486,Leiyang,CN,26.4024,112.8591,77.11,61,100,0.92,overcast clouds
487,Benguela,AO,-12.5763,13.4055,73.62,86,94,6.35,overcast clouds
488,Lewisville,US,33.0462,-96.9942,82.78,36,0,9.22,clear sky
489,Tahta,EG,26.7693,31.5021,91.83,19,0,8.48,clear sky
490,Agadez,NE,19.75,10.25,93.7,11,0,7.52,clear sky
491,Lavras,BR,-21.2453,-44.9997,69.71,66,84,10.02,broken clouds
492,Maniitsoq,GL,65.4167,-52.9,38.97,93,100,11.01,light rain
493,Palmas,BR,-10.2128,-48.3603,98.47,23,0,6.91,clear sky
494,Gilgit,PK,35.9221,74.3087,72.75,43,5,1.79,clear sky
495,Maniwaki,CA,46.3834,-75.966,57.15,47,7,3.44,clear sky
496,Saint-Augustin,CA,51.226,-58.6502,58.5,47,98,7.65,overcast clouds
497,Yamada,JP,39.4667,141.95,61.07,68,21,4.09,few clouds
498,Puerto Escondido,MX,15.85,-97.0667,86.83,54,75,5.75,broken clouds
499,Ust-Barguzin,RU,53.45,108.9833,36.57,83,41,5.93,scattered clouds
500,Taltal,CL,-25.4,-70.4833,61.34,64,22,7.29,few clouds
501,Vallenar,CL,-28.5708,-70.7581,76.53,27,0,8.68,clear sky
502,Namie,JP,37.4833,141.0,57.72,75,0,4.47,clear sky
503,Okhotsk,RU,59.3833,143.3,35.73,73,95,13.67,overcast clouds
504,Hovd,MN,48.0056,91.6419,43.65,41,17,10.18,few clouds
505,Mansa,IN,29.9833,75.3833,78.3,63,0,3.94,clear sky
506,Tessalit,ML,20.1986,1.0114,98.67,12,97,3.65,overcast clouds
507,Ust-Karsk,RU,52.7011,118.8077,26.1,98,100,1.05,overcast clouds
508,Cangzhou,CN,38.3167,116.8667,69.31,55,0,11.92,clear sky
509,Hirara,JP,24.8,125.2833,81.9,72,0,6.78,clear sky
510,Wakkanai,JP,45.4094,141.6739,57.88,79,46,11.54,scattered clouds
511,Lakota,CI,5.8528,-5.6883,72.55,96,85,1.92,overcast clouds
512,Huarmey,PE,-10.0681,-78.1522,67.69,70,11,11.88,few clouds
513,Sayat,TM,38.7839,63.8803,67.87,22,97,9.08,overcast clouds
514,Pueblo Nuevo,MX,23.3833,-105.3833,75.9,37,3,4.52,clear sky
515,Watertown,US,42.3709,-71.1828,67.41,57,75,9.22,broken clouds
516,Seoul,KR,37.5683,126.9778,60.24,97,0,4.61,fog
517,Auki,SB,-8.7676,160.7034,75.99,87,21,3.71,few clouds
518,Cuamba,MZ,-14.8031,36.5372,77.41,29,9,4.92,clear sky
519,Labrea,BR,-7.2586,-64.7981,102.34,22,94,3.51,overcast clouds
520,Sao Filipe,CV,14.8961,-24.4956,80.49,83,6,8.39,clear sky
521,Coffs Harbour,AU,-30.3,153.1333,63.14,67,94,11.5,overcast clouds
522,Hede,CN,33.7681,120.2517,62.55,94,0,5.41,clear sky
523,Cloquet,US,46.7216,-92.4594,60.85,55,0,8.05,clear sky
524,Guasdualito,VE,7.2424,-70.7324,89.6,62,40,4.61,scattered clouds
525,Muroto,JP,33.2833,134.15,74.26,69,0,6.26,clear sky
526,Plaster Rock,CA,46.9065,-67.39,54.12,74,100,8.08,overcast clouds
527,Chunskiy,RU,56.0815,99.6342,34.99,97,100,7.49,overcast clouds
528,Vysha,RU,53.8477,42.3777,49.73,88,100,2.17,overcast clouds
529,Baykit,RU,61.67,96.37,27.55,75,97,3.71,overcast clouds
530,Rocha,UY,-34.4833,-54.3333,58.53,57,100,10.07,overcast clouds
531,Gouyave,GD,12.1646,-61.7296,83.17,79,20,9.22,few clouds
532,Muros,ES,42.7762,-9.0603,62.17,83,4,9.04,clear sky
533,Pangai,TO,-19.8,-174.35,77.11,65,40,14.97,scattered clouds
534,Gazli,UZ,40.1333,63.45,69.17,20,99,18.25,overcast clouds
535,Dawlatabad,AF,36.4141,64.9053,71.22,29,0,1.66,clear sky
536,Alamosa,US,37.4695,-105.87,69.78,30,0,4.61,clear sky
537,Marquette,US,46.5333,-87.6335,63.36,42,6,8.59,clear sky
538,Khomutovka,RU,51.9207,34.5619,50.56,82,83,7.9,broken clouds
539,Barentu,ER,15.1139,37.5928,78.15,53,26,2.82,scattered clouds
540,Fukue,JP,32.6881,128.8419,72.82,68,0,13.82,clear sky
541,Arcachon,FR,44.5875,-1.0519,55.72,82,0,5.75,clear sky
542,Selikhino,RU,50.3672,137.4996,45.88,88,99,5.46,moderate rain
543,Lukow,PL,51.929,22.3796,47.12,72,29,0.78,scattered clouds
544,Kurumkan,RU,54.3,110.3,34.45,77,93,3.44,overcast clouds
545,Yumen,CN,40.2833,97.2,59.56,32,0,8.68,clear sky
546,Dakoro,NE,14.5106,6.765,91.63,38,2,5.77,clear sky
547,Akyab,MM,20.15,92.9,81.32,87,100,8.97,very heavy rain
548,Inta,RU,66.0317,60.1659,27.99,72,13,5.64,few clouds
549,Kjollefjord,NO,70.9457,27.3465,46.45,93,0,8.05,clear sky
550,Zakamensk,RU,50.3741,103.2863,35.92,96,100,2.1,overcast clouds
551,Umm Lajj,SA,25.0213,37.2685,85.73,54,0,6.64,clear sky
552,Bushenyi,UG,-0.5853,30.2114,60.55,88,15,2.44,light rain
553,Champerico,GT,14.3,-91.9167,88.34,71,7,7.47,clear sky
554,Sao Joao Nepomuceno,BR,-21.54,-43.0106,72.59,80,63,4.97,broken clouds
555,Carauari,BR,-4.8828,-66.8958,88.23,56,100,2.24,overcast clouds
556,Kendari,ID,-3.945,122.4989,76.21,92,47,4.14,heavy intensity rain
557,Kuji,JP,40.1878,141.7689,60.58,83,69,3.91,broken clouds
558,Riyadh,SA,24.6877,46.7219,84.34,13,0,10.83,clear sky
559,Nouadhibou,MR,20.931,-17.0347,80.58,61,37,16.11,sand
560,Lagunas,PE,-5.2269,-75.6753,101.28,30,23,3.2,few clouds
561,Guarapuava,BR,-25.3953,-51.4581,55.4,84,100,5.32,overcast clouds
562,Lander,US,42.833,-108.7307,82.11,27,0,10.36,clear sky
563,Kedrovyy,RU,56.1667,91.8167,32.41,95,100,4.88,overcast clouds
564,Killybegs,IE,54.6333,-8.45,53.31,79,100,5.68,overcast clouds
565,Tete,MZ,-16.1564,33.5867,82.49,34,0,6.91,clear sky
566,Gravdal,NO,68.1214,13.5031,46.29,81,0,2.3,clear sky
567,Sinnamary,GF,5.3833,-52.95,82.35,77,36,13.2,scattered clouds
568,Chumikan,RU,54.7183,135.315,35.85,84,91,11.59,overcast clouds
569,Yining,CN,29.0361,114.5636,72.1,79,1,1.01,clear sky
570,Sebinkarahisar,TR,40.2883,38.4236,60.6,56,10,2.46,clear sky
571,Yatou,CN,37.15,122.3833,64.54,88,0,8.21,clear sky
572,Mana,GF,5.6592,-53.7767,84.58,72,14,13.89,few clouds
573,Shenjiamen,CN,29.9576,122.298,74.95,85,97,6.33,overcast clouds
574,Conde,BR,-7.2597,-34.9075,81.86,69,40,14.97,scattered clouds
575,Nurota,UZ,40.5614,65.6886,63.54,25,100,7.72,overcast clouds
576,Shimanovsk,RU,52.0,127.7,37.09,96,100,3.62,overcast clouds
577,Jalu,LY,29.0331,21.5482,93.51,13,0,7.45,clear sky
578,Kota Belud,MY,6.351,116.4305,76.87,84,100,4.83,overcast clouds
579,Hazebrouck,FR,50.7237,2.5373,54.72,79,97,4.72,overcast clouds
580,Shingu,JP,33.7333,135.9833,67.37,91,5,4.76,clear sky
581,Nadvoitsy,RU,63.8667,34.3167,37.29,91,100,9.01,overcast clouds
582,Qinhuangdao,CN,39.9317,119.5883,66.4,79,1,5.35,clear sky
583,Baiyin,CN,36.5583,104.2081,60.28,60,18,3.09,few clouds
584,Aksarka,RU,66.5606,67.7975,27.45,84,76,2.77,broken clouds
585,Ishigaki,JP,24.3448,124.1572,75.33,100,0,2.3,clear sky
586,Wuwei,CN,37.9281,102.6414,61.59,35,100,2.37,overcast clouds
587,Muravlenko,RU,63.7898,74.523,26.1,79,4,8.14,clear sky
588,Santiago Del Estero,AR,-27.7951,-64.2615,76.55,25,38,5.77,scattered clouds
589,Shibetsu,JP,43.659,145.132,54.32,83,35,4.9,scattered clouds
590,Kavieng,PG,-2.5744,150.7967,81.88,74,100,16.49,overcast clouds
591,Leshukonskoye,RU,64.8989,45.7622,33.37,62,100,9.33,overcast clouds
592,Mogadishu,SO,2.0371,45.3438,77.67,83,100,17.11,overcast clouds
593,Griffith,US,41.5284,-87.4237,66.06,59,0,6.91,clear sky
594,Dongsheng,CN,39.8161,109.9776,60.69,41,0,11.21,clear sky
595,Southbridge,US,42.0751,-72.0334,66.18,66,1,4.0,clear sky
596,Gizo,SB,-8.103,156.8419,80.94,73,21,8.41,few clouds
597,Kichmengskiy Gorodok,RU,59.9816,45.7854,35.22,97,100,7.58,snow
598,Tromso,NO,69.6496,18.957,48.38,66,75,4.61,broken clouds
599,Lixourion,GR,38.2019,20.4314,69.8,88,20,0.0,few clouds
600,Lakeway,US,30.3638,-97.9796,93.0,28,0,5.75,clear sky
601,Kawalu,ID,-7.3817,108.2082,71.38,96,99,1.34,overcast clouds
602,Zhaotong,CN,27.3167,103.7167,56.01,94,20,1.99,few clouds
603,Rimavska Sobota,SK,48.3828,20.0224,52.54,97,83,2.53,broken clouds
604,Paita,PE,-5.0892,-81.1144,69.35,71,13,18.5,few clouds
605,Saint-Nazaire,FR,47.2833,-2.2,54.03,90,0,6.91,clear sky
606,Dabakala,CI,8.3667,-4.4333,73.63,92,68,4.14,broken clouds
607,Khorol,UA,49.7837,33.2783,58.08,64,100,8.81,overcast clouds
608,Trail,CA,49.0998,-117.7022,64.98,77,100,3.06,light rain
609,Greven,DE,52.0936,7.594,49.91,90,0,2.3,clear sky
610,Sam Chuk,TH,14.7576,100.0899,75.07,96,100,7.23,overcast clouds
611,Oxelosund,SE,58.6706,17.1015,46.78,87,0,5.75,clear sky
612,Raudeberg,NO,61.9875,5.1352,50.95,73,35,9.4,scattered clouds
613,Labuhan,ID,-6.8844,112.2051,78.24,81,100,7.67,overcast clouds
614,Charters Towers,AU,-20.1,146.2667,62.67,51,5,8.55,clear sky
615,Dunn,US,44.95,-91.8835,65.21,44,0,8.05,clear sky
616,Mouzouras,GR,35.5333,24.15,73.4,94,20,3.44,few clouds
617,Dunmore Town,BS,25.5,-76.65,81.95,80,100,22.64,overcast clouds
618,Barabinsk,RU,55.3571,78.357,27.46,88,85,12.21,overcast clouds
619,Santander,ES,43.4647,-3.8044,62.46,70,40,13.0,scattered clouds
620,Hamilton,US,39.1834,-84.5333,69.26,57,20,13.8,few clouds
621,Puerto Maldonado,PE,-12.6,-69.1833,66.6,88,100,6.91,moderate rain
622,Sangar,RU,63.9242,127.4739,27.64,94,99,6.64,overcast clouds
623,Cocachacra,PE,-17.0883,-71.7575,66.78,62,0,8.9,clear sky
624,Inhambane,MZ,-23.865,35.3833,71.58,88,20,4.61,few clouds
625,Khilok,RU,51.3674,110.4676,40.17,77,100,2.46,overcast clouds
626,Aquin,HT,18.2833,-73.4,82.69,73,42,2.77,scattered clouds
627,Waharoa,NZ,-37.7667,175.7667,60.55,97,100,3.4,light rain
628,Careiro Da Varzea,BR,-3.2003,-59.8119,97.43,21,77,3.91,broken clouds
629,Plainview,US,40.7765,-73.4673,68.86,54,40,11.5,scattered clouds
630,Sola,VU,-13.8833,167.55,80.08,65,75,15.43,broken clouds
631,Vanimo,PG,-2.6741,141.3028,76.26,91,100,5.39,overcast clouds
632,Yar-Sale,RU,66.8333,70.8333,32.25,71,100,2.89,overcast clouds
633,Moba,CN,33.2288,105.0179,54.03,97,100,2.21,overcast clouds
634,Kavaratti,IN,10.5669,72.642,81.19,74,100,11.9,overcast clouds
635,Rio Formoso,BR,-8.6636,-35.1586,79.39,65,77,8.7,broken clouds
636,Halmstad,SE,56.6745,12.8568,52.0,87,100,3.44,overcast clouds
637,Concordia,AR,-31.393,-58.0209,68.07,53,75,11.99,broken clouds
638,Sistranda,NO,63.7256,8.834,51.76,81,100,5.99,overcast clouds
639,Mehamn,NO,71.0357,27.8492,44.51,93,0,8.05,clear sky
640,Atbasar,KZ,51.8,68.3333,30.04,51,6,7.47,clear sky
641,Turukhansk,RU,65.8167,87.9833,23.68,88,100,5.88,overcast clouds
642,Sabang,ID,5.8933,95.3214,79.38,84,100,24.74,light rain
643,Kisangani,CD,0.5167,25.2,72.09,93,96,1.57,light rain
644,Petropavlovsk-Kamchatskiy,RU,53.0452,158.6483,36.19,93,20,8.95,few clouds
645,Jiuquan,CN,39.7432,98.5174,59.2,30,96,4.81,overcast clouds
646,Oranjemund,NA,-28.55,16.4333,56.98,92,1,8.68,clear sky
647,Camargo,MX,27.6667,-105.1667,78.89,22,17,8.14,few clouds
648,Selfoss,IS,63.9331,-20.9971,47.05,90,100,11.48,overcast clouds
649,Rovaniemi,FI,66.5,25.7167,38.61,81,0,12.66,clear sky
650,Abu Samrah,SY,35.3029,37.1841,74.3,63,0,10.27,clear sky
651,Srednekolymsk,RU,67.45,153.6833,23.45,72,16,9.17,few clouds
652,Ballina,AU,-28.8667,153.5667,58.01,90,41,12.82,scattered clouds
653,Tabuk,PH,17.4189,121.4443,73.65,92,95,2.55,overcast clouds
654,Katobu,ID,-4.9408,122.5276,75.47,90,22,3.8,few clouds
655,Tobermory,CA,45.2501,-81.6665,51.3,68,4,3.33,clear sky
656,Axim,GH,4.8699,-2.2405,75.52,88,31,5.91,scattered clouds
657,Sisimiut,GL,66.9395,-53.6735,37.92,92,100,13.09,overcast clouds
658,Brigantine,US,39.4101,-74.3646,70.2,60,20,10.36,few clouds
659,Shubarkuduk,KZ,49.1447,56.4872,55.96,51,100,18.07,overcast clouds
660,Caborca,MX,30.5838,-111.101,79.05,51,91,4.09,overcast clouds
661,Te Anau,NZ,-45.4167,167.7167,32.34,91,6,3.18,clear sky
662,Vawkavysk,BY,53.1561,24.4513,46.53,75,50,5.73,scattered clouds
663,Abha,SA,18.2164,42.5053,66.02,52,0,0.0,clear sky
664,Tornio,FI,65.8481,24.1466,41.02,74,96,10.33,overcast clouds
665,Bondo,CD,3.8146,23.6866,68.86,97,26,1.92,light rain
666,Pedasi,PA,7.5333,-80.0333,82.6,72,59,9.24,broken clouds
667,Ust-Nera,RU,64.5667,143.2,13.62,98,84,2.66,broken clouds
668,Bobcaygeon,CA,44.5462,-78.542,64.89,32,0,4.94,clear sky
669,Mahon,ES,39.8885,4.2658,68.56,68,20,0.0,few clouds
670,Okha,RU,53.5739,142.9478,39.65,69,100,8.39,overcast clouds
671,Luwuk,ID,-0.9516,122.7875,76.51,89,22,1.77,few clouds
672,Celestun,MX,20.8667,-90.4,83.62,57,40,12.73,scattered clouds
673,Poltava,UA,49.5937,34.5407,58.1,59,29,7.0,scattered clouds
674,Tambacounda,SN,13.7539,-13.7586,86.05,84,0,4.61,clear sky
675,Bukama,CD,-9.2,25.85,75.42,67,50,3.49,light rain
676,College,US,64.8569,-147.8028,52.07,59,75,5.01,broken clouds
677,Tari,NG,12.4086,4.4914,82.69,67,76,7.07,broken clouds
678,Sorland,NO,67.667,12.6934,51.66,72,100,4.83,overcast clouds
679,Weyburn,CA,49.6668,-103.8511,80.82,24,10,8.05,clear sky
680,Iznik,TR,40.4286,29.7211,65.95,51,12,1.01,few clouds
681,Seminole,US,28.7086,-81.2081,74.19,89,100,21.85,light rain
682,Juba,SS,4.8517,31.5825,72.91,82,10,3.47,clear sky
683,Kazachinskoye,RU,57.6953,93.2761,33.57,99,100,4.21,light snow
684,Eirunepe,BR,-6.6603,-69.8736,95.83,38,100,1.68,overcast clouds
685,Dekar,BW,-21.5333,21.9333,72.95,26,5,9.24,clear sky
686,Miles City,US,46.4083,-105.8406,81.57,28,0,0.0,clear sky
687,Tinaquillo,VE,9.9186,-68.3047,89.67,82,100,3.36,overcast clouds
